{
  "canvas": [
    1920,
    1080
  ],
  "panel": 640,
  "bg": "#FDF8F1",
  "p2": "#0E454D",
  "ink": "#1C1813",
  "cream": "#F9E7CB",
  "words": [
    {
      "src": "layer-word-just.png",
      "color": "#1C1813",
      "x": 60,
      "y": 80,
      "w": 642.8571428571429,
      "h": 267.85714285714283
    },
    {
      "src": "layer-word-like.png",
      "color": "#F9E7CB",
      "x": 690,
      "y": 742,
      "w": 535.7142857142857,
      "h": 267.85714285714283
    },
    {
      "src": "layer-word-that.png",
      "color": "#0E454D",
      "x": 1300,
      "y": 60,
      "w": 687.5,
      "h": 267.85714285714283
    }
  ],
  "photoRing": {
    "x": 89,
    "y": 419,
    "w": 462,
    "h": 462
  },
  "photoPop": {
    "x": 5.420532060027313,
    "y": 373.27148703956345,
    "w": 543.3151432469305,
    "h": 724.4201909959072
  },
  "dogTeal": {
    "x": 670,
    "y": 20,
    "w": 580,
    "h": 722.4065040650407
  },
  "scene": {
    "panelX": 1280,
    "sceneLeft": 1110,
    "sceneW": 1080
  },
  "engraving": {
    "x": 1472.88,
    "y": 359.84370731707315,
    "w": 332.64,
    "h": 414.3125853658537
  },
  "name": {
    "x": 1489.2,
    "y": 643.032,
    "w": 300,
    "h": 115.38461538461539
  }
}